{
  "melodic": {
    "unique_pitch_classes": {
      "interval_1": -0.35470602483538866,
      "interval_2": 0.2735927446276905,
      "interval_3": 0.10364181577555259,
      "interval_4": 0.388534635789123,
      "interval_5": 0.235452416052273,
      "interval_6": 0.5181934644381622
    },
    "mean_interval": {
      "interval_1": 0.16106638812200452,
      "interval_2": -0.11585335650622651,
      "interval_3": 0.44735751068993657,
      "interval_4": -0.08622262045182949,
      "interval_5": -0.23682750606167297,
      "interval_6": -0.37142048564545505
    },
    "median_interval": {
      "interval_1": -0.212932283620178,
      "interval_2": -0.12568145526015298,
      "interval_3": 0.4096419023788653,
      "interval_4": -0.0729792203067488,
      "interval_5": -0.24674925558752428,
      "interval_6": 0.04203494517988728
    },
    "max_interval": {
      "interval_1": 0.021608741940189816,
      "interval_2": -0.09897951241630305,
      "interval_3": 0.3043263944573332,
      "interval_4": 0.15283461057479258,
      "interval_5": -0.6183399346663346,
      "interval_6": -0.38927538981659143
    },
    "repeated_notes": {
      "interval_1": 0.5464374462954851,
      "interval_2": 0.05369674566444262,
      "interval_3": -0.12402531362420932,
      "interval_4": 0.11074802528425005,
      "interval_5": -0.1445202594296852,
      "interval_6": -0.7048198905248255
    },
    "direction_changes": {
      "interval_1": 0.40965826710812825,
      "interval_2": -0.0275520051609065,
      "interval_3": 0.45677995142742495,
      "interval_4": -0.15784893983754295,
      "interval_5": -0.10336294356207083,
      "interval_6": -0.6740085739462525
    }
  },
  "chordal": {
    "mean_chord_size": {
      "interval_1": 0.1204434956175376,
      "interval_2": -0.2944631163353487,
      "interval_3": 0.10929388191065821,
      "interval_4": 0.15350397438464328,
      "interval_5": -0.03094487902180763,
      "interval_6": 0.028038664735726034
    },
    "unique_chords": {
      "interval_1": 0.01061464579590445,
      "interval_2": -0.1050851181709451,
      "interval_3": 0.18546072369581953,
      "interval_4": -0.36776322613789514,
      "interval_5": 0.005149463617853738,
      "interval_6": -0.009295334469945361
    },
    "mean_pc_changes": {
      "interval_1": 0.06980266871264292,
      "interval_2": -0.07390579454094086,
      "interval_3": 0.044492829929318994,
      "interval_4": -0.44313729515488326,
      "interval_5": -0.16302000562303257,
      "interval_6": -0.127935914016745
    },
    "dissonance_change": {
      "interval_1": 0.2563371383941374,
      "interval_2": -0.253246595618121,
      "interval_3": 0.3728806852610147,
      "interval_4": -0.3471189846993093,
      "interval_5": -0.13503405717788325,
      "interval_6": -0.1785576387268915
    },
    "consonance_change": {
      "interval_1": 0.23927257205840824,
      "interval_2": 0.3799115870504039,
      "interval_3": -0.12184710816064856,
      "interval_4": -0.013704114804386457,
      "interval_5": -0.041870717057222694,
      "interval_6": -0.0007421348879190617
    }
  }
}